,ASG,DN,DU,EI,NCG,NS,RTC,price_level,p,q
0,1,0,2,5,5,1,2,5,0.9041213950718527,0.8406178422684589
1,1,1,2,5,5,1,2,4,0.0038766359309092557,0.9833090591181539
2,1,1,2,4,1,1,2,1,0.05803048550098355,0.1899904236264388
3,0,0,3,2,1,3,3,2,0.44196217134047266,0.12078214208868221
4,1,0,2,4,1,3,2,2,0.5472646621286756,0.0799799054081346
5,1,0,3,2,1,4,3,1,0.460330240073238,0.6404567404689415
6,1,0,5,4,3,1,4,3,0.8475878061824685,0.3413475770739579
7,1,1,3,2,4,3,2,1,0.14963889398729457,0.8048299413218623
8,0,0,2,3,1,3,2,4,0.5969095515645501,0.7975141205580899
9,1,1,4,5,5,1,4,1,0.1660393641665312,0.5703473993290541
10,1,1,4,3,3,1,3,1,0.4342122175275207,0.03312090669512835
11,1,1,2,3,1,4,2,4,0.6191482995888725,0.2537022124707695
12,1,0,4,1,1,4,4,3,0.9975067263983538,0.832445556697646
13,1,1,4,1,1,1,4,4,0.16192581375564608,0.6477183920129168
14,0,0,4,2,1,3,4,2,0.20541737465792798,0.025377405710246714
15,1,1,4,1,1,2,4,5,0.20714446071425485,0.8201507056004215
16,0,1,4,2,1,2,4,5,0.18667256182860914,0.6860003240672361
17,1,0,3,3,4,3,2,3,0.06229690487226669,0.1374884485208656
18,0,0,4,2,1,2,4,5,0.07693813781332659,0.6460187187464673
19,1,0,3,3,4,4,2,3,0.9994726060457261,0.25420198158303553
20,1,1,2,5,2,2,2,3,0.6322562527713109,0.4692021876676977
21,1,0,3,2,3,4,3,5,0.01777285929379646,0.5825355626674578
22,1,1,5,1,1,1,4,1,0.37825393064010715,0.09689996882468954
23,1,1,2,4,1,3,2,3,0.8823166103728356,0.7801722249388358
24,1,1,2,3,2,1,2,2,0.7603273967136833,0.04234316613175371
25,1,0,2,3,3,4,2,4,0.10265192303555382,0.8845255739496702
26,1,0,2,5,5,2,2,5,0.13229789226986155,0.6508819096389349
27,1,1,2,1,1,4,2,2,0.8531371462962959,0.8339215601857222
28,1,0,4,2,1,4,4,1,0.27679250400657174,0.47221011450163475
29,1,1,2,3,2,2,2,4,0.3749832354937742,0.7222344385232181
30,1,1,4,4,1,2,4,3,0.12876092006310458,0.950249259845773
31,1,1,4,2,1,1,4,5,0.2830880183374447,0.35715509796503
32,1,1,2,1,1,2,2,2,0.5023532742752495,0.11002082479910469
33,1,0,2,3,2,2,2,5,0.5484405888883295,0.030535749823152547
34,1,0,5,1,1,4,4,1,0.46901410222585604,0.01123464716714151
35,1,1,3,3,3,4,2,3,0.7077921129962158,0.9496826951178303
36,1,0,3,5,5,2,3,1,0.35224306191603894,0.5532871074370854
37,1,1,4,4,3,1,3,1,0.8351136923287676,0.048706455518228275
38,1,0,2,4,4,4,1,4,0.26370512700515814,0.6559836908711633
39,1,0,3,3,3,4,2,5,0.511104418024874,0.7315605836286563
40,1,1,4,2,4,4,4,4,0.4017864625024825,0.8808100025799631
41,1,0,4,4,4,2,4,1,0.726221408459346,0.49314390286867094
42,1,0,4,4,5,4,4,3,0.4300854301448911,0.8462252504328424
43,1,0,4,4,1,3,4,4,0.5141162831143828,0.6158417555078184
44,1,0,4,2,1,4,4,2,0.8471259006044074,0.19169356100757284
45,1,1,4,3,3,1,4,1,0.28734664936203536,0.541629791275054
46,1,1,3,5,5,1,2,4,0.11818090521434954,0.12108004531790861
47,1,1,4,5,2,4,4,3,0.5267938198204083,0.49842713344943546
48,1,1,4,2,4,2,4,5,0.519517906792948,0.5048080240871673
49,1,0,5,2,1,4,5,4,0.09730811437128606,0.6919499793725514
50,1,0,4,4,1,2,4,3,0.2940744107232234,0.5139714246473964
51,1,0,3,5,5,2,2,5,0.9383765969328541,0.986253688789821
52,1,1,3,4,1,1,3,2,0.3884922972013908,0.059971030998887565
53,0,0,1,3,4,1,1,3,0.8183319241352311,0.8508628347716597
54,1,0,3,4,1,1,3,1,0.5345271329403768,0.6417943190974188
55,1,0,5,2,1,1,5,2,0.5664755980965066,0.12380178377705198
56,0,0,4,3,4,1,3,4,0.9675401854093879,0.8761461178027704
57,1,1,3,4,1,1,3,3,0.9205103780609846,0.9416904279110782
58,1,0,4,5,4,2,3,2,0.45025494890764506,0.13313698035314425
59,1,0,4,4,1,1,4,1,0.8674336578074953,0.2762635551582251
60,1,0,2,4,1,3,1,3,0.4762647553611492,0.8335114784680394
61,1,1,4,2,2,3,4,5,0.3798994457325442,0.4603839204837209
62,1,0,3,4,1,4,2,3,0.8026835045887762,0.6969847883489405
63,1,1,4,2,5,1,4,4,0.7405181986226073,0.8548411987281116
64,1,0,4,5,5,1,4,3,0.30365804121607043,0.8416961506023878
65,1,1,3,4,1,4,2,3,0.4632942911341784,0.8180150832886968
66,1,0,4,2,1,4,3,4,0.15274433797669928,0.13255014747018257
67,1,1,5,3,3,1,4,3,0.5113489715347481,0.45815141672693915
68,1,1,3,4,1,1,2,1,0.16592116216099684,0.8521841189904915
69,1,1,2,4,1,4,1,4,0.9153597457344764,0.4153745872092267
70,1,0,2,4,1,3,1,1,0.25589373701178575,0.6524868154219534
71,1,1,3,4,1,2,2,5,0.03885653997053895,0.14656556542080545
72,1,0,3,5,5,4,2,2,0.6821987167415889,0.9895836606018209
73,1,1,3,5,2,1,2,5,0.49837723610340623,0.9329540173156129
74,0,0,4,3,5,1,3,1,0.7644079143253412,0.8054330689591777
75,0,0,4,5,4,2,3,3,0.9083158462938754,0.7629234741338045
76,0,0,4,4,1,3,3,4,0.7174501186160037,0.9321473405184134
77,0,0,4,5,4,2,3,1,0.3615769165378889,0.42260423052230967
78,1,0,3,5,5,4,2,1,0.42461320743107434,0.2316365466551341
79,1,0,3,5,2,3,2,5,0.9532840405773924,0.14811397012281047
80,1,1,4,4,1,3,4,4,0.8888319718150105,0.9362764644568994
81,1,0,3,5,5,3,2,1,0.21560973485003454,0.9418133472574346
82,0,1,4,1,1,4,3,3,0.6209091859614823,0.30217872154693093
83,0,0,4,2,1,3,4,3,0.07861924468829606,0.14242621231376573
84,0,0,4,3,2,4,3,1,0.5808922649908904,0.11642580786012502
85,1,1,3,5,5,3,3,1,0.0574440394617548,0.4003131206914662
86,1,1,4,1,2,2,4,4,0.5609576130925393,0.7235054899730582
87,1,0,3,5,5,2,3,2,0.730397102806754,0.21949222732918883
88,1,0,3,5,5,4,2,3,0.9405437708671146,0.03685687252699277
89,1,1,4,3,3,3,4,5,0.9890229028172353,0.3914554064694631
90,1,0,4,5,4,1,4,5,0.12172509502652129,0.44776412649594155
91,1,0,4,1,1,3,3,1,0.6768749589427911,0.8782887470331593
92,0,1,3,5,5,3,3,3,0.3706869198395666,0.5649875031168576
93,1,1,4,5,1,1,4,2,0.7071434295994989,0.509348954114107
94,1,1,3,1,4,2,2,2,0.15132651826469423,0.771311405700902
95,1,1,3,2,5,1,2,4,0.5811928300166708,0.17902097615131385
96,1,1,4,3,1,2,4,2,0.8808066476185066,0.4004760438595516
97,1,0,3,4,5,2,2,1,0.2884165970292374,0.1799967897803304
98,0,1,3,5,5,3,3,4,0.34891159782537073,0.671880472074487
99,1,1,2,3,2,4,1,4,0.25910861611418723,0.7411934858395787
100,1,1,2,1,4,3,2,1,0.6895028206639153,0.6697317449730327
101,1,1,5,3,1,2,4,4,0.2655128692318548,0.623492521076843
102,1,0,2,5,1,2,2,2,0.6284521157111302,0.22337761432792524
103,1,0,5,3,1,4,4,5,0.8504315121181779,0.02984345915484643
104,1,0,2,2,2,3,2,2,0.47140535318226784,0.7724493121614926
105,1,1,2,4,4,2,2,2,0.6055795830796044,0.9756820105105319
106,1,0,4,2,3,3,3,4,0.11705411245190256,0.07672752879292888
107,1,0,4,1,1,1,4,2,0.8077691924506158,0.8382822658665068
108,1,0,3,4,1,1,2,1,0.6924501302142648,0.21704316111637623
109,1,0,4,5,5,3,4,4,0.6601548746437923,0.18648696861248537
110,1,0,4,2,1,1,4,5,0.6811136823052585,0.4332738749860172
111,1,0,3,4,1,4,2,4,0.9453437520589795,0.28608873012161007
112,1,0,2,5,5,2,2,5,0.7929012360022158,0.07921341903426893
113,1,0,3,4,1,4,2,1,0.8279723127540582,0.2877805983888657
114,1,0,4,3,3,2,4,5,0.997300520874881,0.3411466880738696
115,1,0,2,5,4,4,2,5,0.1755260784000281,0.07980999754418128
116,1,1,4,3,2,4,4,2,0.2536014834146788,0.22672938431493517
117,0,1,4,3,5,1,3,4,0.5935125133652978,0.531950404940636
118,1,0,4,3,5,3,4,5,0.12803314469275728,0.10103632734515611
119,1,0,3,3,4,3,2,2,0.46186696901926616,0.3510248353516391
120,0,1,4,2,2,2,3,3,0.91406794814012,0.32467012034998866
121,1,1,3,3,3,1,3,3,0.6002799818544852,0.12889420767085125
122,1,0,4,5,4,2,4,3,0.6631646521088796,0.947418460833928
123,1,1,2,1,3,1,2,3,0.8106412576341668,0.45583332393039966
124,1,1,4,3,5,2,4,1,0.9289360347222977,0.06900156646219657
125,1,1,2,3,2,1,2,3,0.2124880306503455,0.8629491543324225
126,1,0,2,4,1,4,2,2,0.6449151281483789,0.9426141580691533
127,1,0,2,4,1,3,2,2,0.299415088055469,0.2937674347287139
128,1,0,4,1,1,2,4,2,0.6274285684981625,0.680676018424305
129,0,0,4,2,4,1,4,3,0.41282588771188966,0.31937357866496885
130,1,0,4,5,2,2,3,5,0.3454934699076564,0.9353195367191037
131,1,0,5,3,2,3,5,5,0.3886377907734758,0.7603463566221578
132,1,0,4,2,3,2,3,5,0.44280783999101003,0.9271529886450353
133,1,1,2,4,1,4,2,3,0.0831772700758957,0.7843957120638765
134,1,1,2,4,1,2,2,4,0.9507235015374476,0.9214605125435095
135,1,0,4,2,3,4,4,4,0.6480946007494343,0.7258024213139577
136,1,0,5,3,1,4,5,3,0.24435828586643382,0.830041452023668
137,1,0,3,5,5,2,2,1,0.9746407829903938,0.40313290690699144
138,0,1,4,2,3,1,3,3,0.3732230701425563,0.09041059380444061
139,1,1,2,3,4,1,2,4,0.3934161766959078,0.7463936020992188
140,0,0,5,5,2,2,5,1,0.576762420011375,0.5600096863802918
141,1,1,5,1,5,2,5,1,0.11228576967259918,0.7471719957509905
142,1,0,3,5,5,2,2,2,0.09490468078951053,0.0020363794539086655
143,1,1,3,3,3,3,2,4,0.6258418741882041,0.45384306447655454
144,1,1,3,5,5,2,2,4,0.04382583299121545,0.6423779274935374
145,1,0,3,5,5,2,2,2,0.991073722326324,0.7350975795516507
146,1,1,4,5,5,2,3,4,0.5541495419854823,0.5834760130220813
147,1,1,3,1,3,4,2,3,0.34632122400460796,0.5548302445809754
148,0,0,4,4,4,2,4,2,0.8943508686029293,0.1515778926484892
149,1,0,3,4,3,1,2,3,0.4874353425439848,0.3940729390619956
150,0,0,2,4,1,3,2,1,0.244498612043615,0.10330384094369027
151,1,0,3,2,4,1,2,3,0.06549269654673551,0.010181440190108915
152,0,1,4,2,2,2,4,3,0.9253059128877706,0.2727604543436223
153,1,0,2,3,4,1,2,1,0.5493627458027809,0.9597790932613467
154,1,0,4,2,1,2,4,5,0.6405021194116419,0.7788266939924829
155,1,0,3,5,3,3,2,5,0.6339148249587742,0.8715407355206547
156,1,1,2,4,5,4,2,2,0.12354367131707655,0.8192930741960416
157,1,1,3,1,1,4,2,1,0.7063192487322411,0.9107580173270875
158,0,1,4,3,1,2,4,2,0.19666020798665107,0.6744237049854488
159,1,0,4,5,5,2,4,2,0.44229887323443906,0.47327670656775445
160,1,0,2,3,4,3,1,3,0.7274717407200124,0.5346971994068429
161,1,1,5,1,3,1,5,5,0.6578846819414456,0.7144184358807925
162,1,0,4,4,5,1,4,1,0.7947940748641026,0.5255347892693506
163,1,1,3,3,4,2,2,5,0.17820164699830832,0.8230199121947551
164,1,1,2,5,2,2,1,2,0.544787951189413,0.6166361742464104
165,1,1,3,3,4,3,2,2,0.7021819679463767,0.08083558102986499
166,1,1,3,3,4,1,2,4,0.1497790445746977,0.26024800322260067
167,1,1,4,5,5,3,4,1,0.314270811821851,0.7502534362331771
168,1,1,3,3,4,3,2,2,0.4688635262495615,0.3547186251426774
169,1,0,3,3,4,3,2,2,0.17758737378553957,0.9026155958257139
170,1,0,3,3,4,3,2,3,0.8380452858070387,0.7874623021963958
171,1,0,2,4,2,3,2,1,0.966576998886557,0.8759294998722045
172,1,0,4,5,5,4,4,3,0.8207837704065726,0.6268293578541451
173,1,1,4,5,5,4,4,5,0.9521719489606519,0.7908812648535809
174,1,1,3,4,2,2,2,1,0.5759792333602561,0.7736411964165227
175,0,1,4,5,5,1,4,2,0.7395212521325507,0.10834608508994992
176,1,0,4,5,5,4,4,3,0.8798040346243392,0.1413088748065897
177,1,0,3,3,4,3,2,3,0.8603125173275838,0.18661259789699502
178,1,0,3,1,1,3,3,3,0.3523293793744199,0.5300321805558733
179,1,0,3,3,4,3,2,4,0.5654689816662942,0.35093489049973015
180,1,1,4,5,5,1,4,5,0.19263035539610673,0.14570491442696443
181,0,0,3,4,1,3,2,4,0.049630421606051245,0.6632161863525857
182,1,1,4,4,4,3,4,3,0.6407242141976042,0.8682929151880493
183,1,0,3,1,1,2,3,2,0.7261392127207813,0.9551143977136252
184,1,1,4,5,5,2,4,5,0.5415941041755715,0.10482896760963978
185,1,1,4,4,1,2,4,1,0.03608488630140938,0.34645969006799937
186,1,0,4,2,5,3,4,2,0.7263389539214449,0.5346716877407814
187,1,0,2,1,1,1,2,1,0.20292549270491334,0.7797601760276527
188,1,0,4,4,2,4,4,1,0.3363873306295304,0.6069267931451662
189,1,0,4,5,3,1,4,5,0.6942628941991107,0.41284681253770095
190,1,0,2,3,4,2,2,3,0.9925959448374156,0.07660535445259897
191,0,0,3,2,1,1,3,1,0.9800313543018113,0.31543404623707216
192,0,0,4,1,5,3,3,3,0.6131311368226875,0.18763473744871573
193,1,1,4,5,5,3,3,3,0.511155956619856,0.8272082959124517
194,1,0,2,4,5,3,2,2,0.009141210940628586,0.2348361768182453
195,0,0,2,3,4,3,2,5,0.6285433581372329,0.2911409112590595
196,1,1,2,4,2,1,2,4,0.23848584969039022,0.9286772458136143
197,1,1,5,4,4,4,4,4,0.015470361374799069,0.4710086325861307
198,1,1,2,1,5,1,2,2,0.8090792136927772,0.6286332665274376
199,1,1,4,5,5,1,4,3,0.2671376134292466,0.5731078723896095
200,1,1,2,4,4,1,2,2,0.1979736707626325,0.16679038586034622
201,1,1,2,4,5,4,1,5,0.24929583394354915,0.03868822641768943
202,1,1,4,4,5,2,4,3,0.1334040777224963,0.8190493174387166
203,1,0,5,5,5,2,4,3,0.7006661850413869,0.5911694537036778
204,1,1,5,5,5,3,4,3,0.7776564978420013,0.8657187900386201
205,1,1,3,1,1,4,2,4,0.8271434230720122,0.7753587658499179
206,1,0,2,3,4,3,2,3,0.7237043650529417,0.5298223277024692
207,1,1,4,3,4,4,4,1,0.9460284242970457,0.03839067251859796
208,0,0,2,3,4,3,2,3,0.08917423471820451,0.35420715724815666
209,1,1,2,3,4,4,2,3,0.7138147978784639,0.9811462227381943
210,1,0,4,3,4,4,4,5,0.733065502390156,0.7511830573615961
211,1,1,4,5,4,3,3,5,0.2904324015562496,0.03414883229239596
212,1,0,4,2,4,4,4,2,0.5334479144637435,0.2834190196650871
213,1,0,4,1,2,1,3,1,0.5457685937983314,0.6938133810973784
214,1,1,2,1,5,4,1,1,0.22154491868199733,0.5410046728136608
215,1,0,2,4,2,2,1,4,0.6383652210399405,0.9985014046459998
216,1,0,4,5,5,4,4,3,0.3956132047400942,0.9081319996226791
217,1,0,4,4,3,2,4,5,0.3689148016420194,0.04255958781373759
218,0,1,4,5,5,3,4,3,0.9264787395712037,0.6692053854165287
219,0,1,3,1,2,2,2,3,0.1765829090158768,0.30555315275418404
220,1,1,3,3,3,1,2,4,0.48178801640325564,0.9680192006917608
221,1,0,4,4,2,4,4,4,0.13310857763005013,0.15120602132103023
222,1,0,3,3,4,1,2,2,0.9172179792956422,0.10166134607765076
223,1,1,4,5,1,3,3,5,0.34776325726477786,0.016320852679662545
224,0,0,3,3,4,3,3,1,0.24909645559804805,0.11997341084078261
225,0,1,3,3,1,2,3,1,0.32787841029108333,0.2635151150309947
226,1,1,1,3,4,2,1,1,0.9832110760617534,0.799459687696664
227,1,0,3,5,2,4,2,5,0.6406875765953886,0.1786338095933866
228,1,1,5,3,2,2,4,4,0.842737938707116,0.13293503336416834
229,1,1,3,5,5,3,2,2,0.6169710547448763,0.7481089276505253
230,0,0,4,5,1,3,3,1,0.7965785545422734,0.23766437755310243
231,1,0,4,2,5,3,4,2,0.8925508842537564,0.7557536970551275
232,0,1,4,2,3,3,4,5,0.5714847692981361,0.632036827829042
233,1,1,3,3,4,3,3,3,0.82760775062271,0.9661257229424473
234,1,1,3,3,4,3,3,4,0.22645966631320635,0.2946218027888243
235,1,1,3,5,5,2,2,4,0.860793780044519,0.10270067959402851
236,1,1,3,3,4,1,2,2,0.4641926571239079,0.735251718577691
237,1,1,3,5,4,1,2,4,0.9528270407282138,0.8228407224086409
238,1,1,3,4,2,2,3,3,0.19398751176503148,0.3984336210232653
239,1,1,5,3,1,3,4,2,0.7186691148970336,0.21338373371988584
240,1,1,3,5,2,1,2,5,0.995297619931768,0.5036798328067668
241,1,0,4,5,5,1,4,1,0.23320308515260846,0.5938459644931977
242,1,0,2,3,5,3,2,3,0.2848315047053088,0.6816652072764677
243,1,0,2,4,2,4,2,3,0.5256364111525379,0.24692860283041884
244,1,1,2,4,5,1,2,4,0.30883178413614754,0.4882580479172851
245,1,1,2,3,4,2,2,3,0.6623552665446986,0.5526923706898417
246,1,1,2,2,5,1,2,4,0.7602323123100452,0.484159393774684
247,1,0,3,4,4,1,2,2,0.25241605633540565,0.3862528193410262
248,1,1,2,2,3,3,2,5,0.24380195730440235,0.33407576199765365
249,1,1,5,5,4,1,5,1,0.0617664241089666,0.4145709525988571
250,1,1,2,3,2,3,2,3,0.010967401981399227,0.3150013948413335
251,1,1,2,4,5,1,2,4,0.0042797381181267635,0.8075543432268665
252,0,1,2,2,1,3,2,4,0.7434120908467025,0.923308700406419
253,1,0,3,4,2,2,2,5,0.6785004871349622,0.8084895125261918
254,1,1,4,3,4,4,4,1,0.8207050562638021,0.394457539397294
255,1,0,5,1,3,3,5,1,0.9732861411367242,0.04252094081303126
256,1,1,5,5,4,1,5,3,0.49583822339245964,0.09021351009861656
257,1,0,3,2,2,1,2,3,0.20292308339495302,0.857724933613616
258,1,0,5,2,2,3,4,2,0.9563631726540129,0.6914290158160138
259,1,1,5,2,1,2,4,5,0.23367624404571596,0.4967413473619373
260,1,1,2,1,1,3,2,1,0.6705097469304877,0.9160034611929055
261,1,1,5,2,5,3,4,4,0.6475624099210676,0.0989751777867679
262,1,0,2,4,1,2,2,3,0.6152928127389249,0.013123590787514017
263,1,1,5,2,2,4,4,3,0.8636323308519338,0.8481548595937943
264,1,0,5,4,2,4,5,5,0.5148453580045366,0.8299988668326399
265,1,1,5,1,1,4,4,5,0.8251816278262863,0.6146558392223445
266,1,0,5,3,4,1,4,1,0.25327961589842163,0.5576250413785377
267,1,0,4,4,1,4,4,2,0.7275314083074623,0.8644120735696993
268,1,1,2,2,1,1,2,5,0.7518069858840835,0.6021427071673391
269,1,0,4,2,4,3,4,3,0.5985051404869722,0.6539988775953176
270,1,1,2,2,1,2,2,4,0.9092501479152193,0.40007542035460375
271,1,0,2,2,1,2,2,1,0.6144183438533481,0.7272150272142341
272,1,0,5,1,3,1,4,1,0.8259517599612606,0.6537659141439696
273,1,0,4,4,4,4,4,1,0.43890912698274276,0.1835038644126472
274,1,1,4,1,2,3,3,5,0.42348577432269197,0.4345090217800276
275,1,1,3,2,1,2,3,2,0.6178330846462661,0.28363662359909314
276,1,1,4,5,1,2,3,3,0.1594084386664768,0.8716392421585101
277,0,1,4,5,5,3,3,3,0.8505549373844982,0.2913407081028119
278,1,1,2,5,4,3,2,2,0.056115457973936356,0.8499971517013182
279,1,0,5,5,5,1,4,3,0.30118710816490557,0.6587327949206905
280,1,0,3,4,1,3,3,3,0.1920183320184612,0.17293385464889555
281,1,0,2,4,3,4,1,1,0.656193877478011,0.21093263286269426
282,0,1,1,1,5,2,1,3,0.4480493306579315,0.6097643476461829
283,1,0,4,3,4,3,4,1,0.26226884004586437,0.10353298950227041
284,1,1,3,3,4,3,2,2,0.5899820001521703,0.19973251169302286
285,1,1,2,2,3,4,1,5,0.7921383452253781,0.6140432151376212
286,1,1,2,5,5,2,2,3,0.6252867878113048,0.6827016657392975
287,1,1,4,4,1,1,4,3,0.19527484299723197,0.23754329032833066
288,1,0,2,5,5,3,2,2,0.8895198396151265,0.3514917068239125
289,1,1,3,2,1,4,2,2,0.8030510833113031,0.4273879330159308
290,1,0,3,1,3,2,2,4,0.45932515541104657,0.4963914615500544
291,1,0,3,5,4,3,2,2,0.6964705134964245,0.1968452935422771
292,1,0,2,5,5,4,2,5,0.3535705408805242,0.6145564422978318
293,1,1,2,5,5,2,2,3,0.2543684848685508,0.8242304351522953
294,0,1,2,5,5,4,2,5,0.7019002380901926,0.05674785635181434
295,1,0,4,1,2,3,4,4,0.002358128265921633,0.24874290172649616
296,0,0,3,1,5,2,2,2,0.13492109765526505,0.3603508971687742
297,1,1,2,4,1,1,2,2,0.5455870244371928,0.15360859412239136
298,1,1,2,5,5,2,2,2,0.6338728842829774,0.22146688333463238
299,1,1,2,5,5,3,2,1,0.9209261878039046,0.26169749750612603
300,0,0,4,2,3,2,4,1,0.004890021076645379,0.24452217109362928
301,0,0,4,4,4,4,4,5,0.17368624211180617,0.6332727996030877
302,1,0,3,5,5,1,2,2,0.651722576734062,0.9118045088304971
303,1,0,4,2,4,1,4,2,0.20031330654965107,0.940823882858112
304,1,1,4,2,1,4,4,1,0.8894733082079765,0.7673596232296401
305,1,1,3,4,1,2,2,3,0.03527458898297797,0.2799174352651894
306,0,1,4,2,3,2,4,3,0.28404715239897826,0.4578108721497317
307,1,0,2,1,2,1,2,4,0.5292959436381265,0.1403675137088315
308,1,0,5,4,2,1,5,1,0.1504942291052418,0.9680615193937054
309,1,0,4,5,5,4,4,1,0.023606618588178696,0.8482904077594792
310,1,0,2,3,2,3,2,4,0.7083397964634585,0.10766485937602677
311,1,1,5,5,4,1,4,1,0.8043132852812018,0.2925470186205231
312,1,1,4,5,2,1,4,4,0.021064487914756347,0.482656655799483
313,1,0,4,5,5,1,4,2,0.26360160175228664,0.4033084180477654
314,0,1,5,4,3,3,5,2,0.5282324667631193,0.7256285798444223
315,1,0,2,3,1,4,1,1,0.5750443870082136,0.24673033086284524
316,1,0,4,5,5,4,4,2,0.38356582632231906,0.8691401370200545
317,1,1,2,3,4,1,2,2,0.43660937819933776,0.611523674019671
318,0,0,5,4,5,3,5,2,0.4074149256350167,0.9020764718788628
319,1,0,4,1,2,3,3,3,0.4822353076943756,0.9508112220323856
320,1,0,4,1,1,4,3,3,0.5099452473774438,0.21806683386473558
321,1,1,2,2,1,3,2,4,0.8689010637398087,0.4972926143704227
322,1,0,2,5,5,4,2,5,0.062258030188064195,0.11191854139192015
323,1,1,2,2,3,2,2,4,0.15086108184035307,0.5417378218668722
324,1,1,4,2,2,3,4,2,0.3916582955362359,0.9758456101903284
325,1,1,5,3,4,4,4,3,0.9423295951699108,0.8563588401308312
326,1,0,4,2,1,2,4,4,0.3651567143352614,0.4559997719407958
327,1,1,2,5,5,4,2,1,0.2714388991788764,0.580853891995648
328,0,0,2,2,1,3,1,3,0.3106337698826386,0.11783331982966105
329,1,0,2,5,1,3,1,4,0.11276370287210147,0.4456622701955072
330,1,0,5,4,1,2,5,2,0.7766667558338128,0.38198864804362287
331,1,1,4,2,1,1,4,4,0.9741260621255051,0.9930325181534457
332,0,1,2,3,4,3,1,2,0.7437858542260689,0.42183217220344515
333,0,1,2,5,3,4,2,3,0.44011357922188776,0.9378821348078944
334,1,1,2,1,1,4,1,4,0.1827938187661543,0.6865147304320058
335,1,0,4,1,3,3,4,4,0.7386016221623423,0.006140061977841671
336,1,1,2,3,2,4,2,3,0.4623133941437082,0.034109599750832054
337,1,1,2,5,5,4,2,1,0.001881960109809122,0.5068173951098125
338,1,0,4,4,4,3,4,3,0.30273859186585506,0.07212927191403262
339,1,0,5,2,3,3,5,2,0.688798517895111,0.13115897076607463
340,1,1,5,5,1,1,5,2,0.5334475685693961,0.019325979861792075
341,1,0,2,5,5,1,2,5,0.8226053048470209,0.9082691184149474
342,1,0,4,2,1,1,3,4,0.2028674061115322,0.8320543441856865
343,1,1,3,3,4,1,2,4,0.04302291650596601,0.4339887917328069
344,1,1,3,3,4,1,2,4,0.534984060378872,0.29731185535649585
345,0,0,4,1,3,3,4,5,0.9417130007483783,0.6635936334241472
346,1,1,2,5,5,3,1,1,0.8293803028054761,0.004234954281098435
347,1,1,2,5,5,3,2,1,0.3480504716020111,0.6777387600997447
348,1,1,2,5,5,2,2,4,0.6741977661093099,0.5016773658880948
349,1,1,2,3,4,2,1,4,0.7199756165654385,0.479460779281066
350,1,1,4,4,2,2,4,4,0.6483291941261932,0.787421152351932
351,1,1,2,5,5,2,2,4,0.6608995530738129,0.3475464274770579
352,1,0,2,5,5,2,2,5,0.3643289086218202,0.050932642511974935
353,1,1,2,5,5,1,2,3,0.9382106996259394,0.7052526990450595
354,1,0,3,3,4,3,2,3,0.9799740395223763,0.6611898457618031
355,1,0,2,5,5,3,2,2,0.016625758647247246,0.5493901136916559
356,1,0,4,2,4,2,4,1,0.7794987376854643,0.43757534425416644
357,1,1,2,3,4,4,2,5,0.2598814717612671,0.15073782998418328
358,1,0,2,5,5,4,2,3,0.8120638572173403,0.5476844582159806
359,1,0,2,5,1,1,1,4,0.42051818188298185,0.43715444147494076
360,1,1,3,3,4,1,2,2,0.9636037852737096,0.08997446477752769
361,1,0,3,3,4,2,2,1,0.3095127713314282,0.5448081790142749
362,1,1,2,5,5,1,2,5,0.8306133745642523,0.681693535692469
363,1,0,2,2,2,3,2,2,0.055439663397742645,0.08075901535055174
364,1,0,2,5,5,1,2,5,0.07244050601615426,0.1648947935509023
365,1,1,2,5,3,2,2,1,0.338830998737113,0.18875140364244436
366,1,1,2,5,5,2,2,2,0.2742038614608421,0.8857303450717695
367,1,0,2,3,4,4,2,3,0.8405807426676479,0.34724614470629656
368,1,0,2,5,2,3,2,5,0.8532116789037594,0.8815209921644522
369,1,1,1,3,4,3,1,2,0.9863383303864233,0.06737149520848495
370,1,1,2,4,1,2,2,1,0.8275920930155075,0.08236669881880687
371,1,1,3,5,3,1,3,2,0.5665717113313605,0.2925687997829318
372,1,1,5,5,1,4,5,5,0.5628790243279318,0.5456458760804839
373,1,0,2,2,1,2,2,3,0.33640753930699063,0.688191065960157
374,1,0,2,4,4,4,2,5,0.29768466113590386,0.5312449203958882
375,1,1,2,5,5,4,2,1,0.9365818946904525,0.9660356888427754
376,0,1,2,3,4,4,2,1,0.9994114712455303,0.9991652253999647
377,1,0,2,2,3,3,2,3,0.4831800729740864,0.05604129080659115
378,1,0,2,1,3,1,2,5,0.4043377503419382,0.19798348418984424
379,1,0,3,5,3,4,2,4,0.6578488320858054,0.7436282082503165
380,1,1,2,5,5,3,2,4,0.42938157338906413,0.8394207214625691
381,1,0,5,4,1,4,5,5,0.3875143767272078,0.862240999173283
382,1,1,5,5,4,4,4,2,0.2828207395021958,0.19334938148430525
383,1,1,5,5,1,1,4,1,0.2259605349685263,0.3602448583010871
384,1,1,5,3,4,2,4,4,0.8658535313069481,0.23049816686157965
385,1,1,2,2,5,3,2,5,0.509026928091011,0.5797957182986659
386,1,1,2,5,5,4,2,1,0.923031951870664,0.7735134208046626
387,1,1,5,4,1,3,5,5,0.005762820168662364,0.4807099718259027
388,0,0,4,4,3,3,3,4,0.6699393316424549,0.7753023969403549
389,1,1,4,3,4,1,3,2,0.3815149686216036,0.30864255703111654
390,1,0,2,1,1,1,2,2,0.2097816905488178,0.766017056587938
391,0,0,2,4,1,3,2,2,0.11132860883779117,0.1445467732277309
392,1,0,4,3,4,3,3,1,0.5787552148522813,0.2718455801263604
393,1,0,2,5,3,4,2,5,0.7778794802063403,0.24378407931935953
394,1,1,3,5,5,4,2,3,0.9857348040964378,0.05464386361854823
395,1,0,3,3,1,4,2,2,0.4896807235171373,0.05108995766252311
396,1,1,4,3,4,1,3,4,0.6087647219314313,0.6726432975652291
397,1,0,3,5,5,2,2,3,0.8042987778911005,0.457470080951084
398,1,0,3,3,1,3,2,5,0.19810804678722393,0.12654400894083262
399,1,0,2,3,4,1,2,3,0.32757902806629624,0.13093730539750692
400,1,0,2,3,4,3,2,4,0.1302045250971845,0.21443449103065326
401,1,0,2,4,1,1,2,1,0.7181238629662335,0.021011806482938433
402,1,0,4,2,1,3,4,1,0.21704997523366187,0.5441884080124142
403,1,1,4,2,5,4,4,5,0.1257993245720097,0.9745208931069141
404,1,1,2,5,5,2,2,1,0.05130548125087775,0.532374926785372
405,1,0,5,1,1,3,4,4,0.40477528714449207,0.2557895425928479
406,1,0,3,5,3,1,3,4,0.3332940301222772,0.9720701061484961
407,1,0,4,5,3,3,4,2,0.6488874871116279,0.739102066088688
408,1,1,3,3,1,2,2,3,0.4168967065983502,0.18480281031309465
409,1,0,5,3,2,2,4,1,0.024152395451809028,0.8660983271415816
410,1,0,4,1,1,4,4,3,0.7228239836923194,0.8236931444391301
411,1,0,3,5,5,3,2,3,0.8365578941993967,0.8343709676501304
412,1,0,2,4,1,2,1,4,0.027123928689049115,0.9608590036279212
413,1,0,5,4,1,4,5,5,0.6397718442621775,0.35319006838953215
414,1,1,4,4,2,3,4,3,0.06103963031149717,0.040999758605305026
415,1,1,3,1,1,1,2,1,0.2841291711613235,0.9620195234094769
416,1,0,2,4,5,3,2,5,0.3832625939740437,0.2660229934945705
417,1,1,3,4,1,1,3,1,0.9590378405280755,0.7120951563279642
418,1,0,2,1,1,3,2,5,0.8253573488888986,0.73459878337801
419,1,1,2,4,1,2,2,5,0.9960807155762124,0.7675171354039556
420,1,1,2,2,1,1,2,5,0.5664479766936567,0.7650479354481873
421,1,1,3,5,2,2,2,2,0.5999928812189631,0.6196118354004425
422,1,0,5,3,4,1,4,1,0.29496850206875136,0.5475546439529316
423,1,1,3,4,5,4,2,2,0.12050451683778218,0.4327522563471604
424,1,1,3,3,5,1,2,5,0.5791827529337376,0.8020661280990262
425,1,0,3,2,2,4,2,2,0.5950266042462294,0.31304614302302936
426,1,1,3,3,3,1,2,3,0.30343422604239556,0.7595592145655593
427,1,1,3,3,3,3,2,3,0.03242942743132138,0.40500998432174173
428,0,1,4,4,5,4,4,1,0.09145657042427568,0.7441366747854667
429,1,1,5,4,3,4,4,5,0.22414219012049086,0.3596659375875678
430,1,1,2,3,1,4,2,1,0.7703716493598693,0.5719204651104619
431,1,0,2,1,5,2,1,1,0.21981602723769034,0.9785878732081204
432,1,1,4,3,4,4,4,3,0.09100187048089037,0.8988255076907946
433,1,1,3,3,1,2,2,1,0.05767180096431235,0.6355564860611116
434,1,1,3,1,4,4,2,2,0.3390160375729133,0.4155647495506043
435,1,0,2,4,3,4,2,1,0.21905484760688898,0.31645360688575264
436,1,1,2,1,1,2,2,3,0.651486208097606,0.8756072901906208
437,1,1,4,3,4,2,4,3,0.8552683623358389,0.850470692186393
438,1,1,2,1,1,2,2,3,0.9234265040311781,0.4219611976860771
439,1,1,5,3,5,3,5,2,0.21514636391868192,0.7611498631587764
440,0,0,5,4,5,4,5,1,0.5827529581515728,0.4413484990862515
441,0,1,3,4,5,2,2,1,0.0882290244072268,0.2353850952793859
442,1,1,2,3,4,1,1,2,0.33179355077177175,0.04723836356984923
443,0,1,3,4,1,4,3,1,0.9088500565770216,0.3388745023176831
444,1,1,4,1,1,3,3,5,0.0376454001102533,0.31682015038171385
445,1,0,2,3,4,4,2,1,0.8427657824048997,0.776310482553495
446,0,0,3,4,1,1,3,1,0.15913953028127392,0.3250650107744001
447,1,0,2,3,4,1,2,1,0.844725604016898,0.14378189427996257
448,1,1,2,1,1,2,2,3,0.4340759933544326,0.6864962262688256
449,1,1,2,5,5,1,2,2,0.47647753637302503,0.1280951448573303
450,1,0,2,4,1,3,1,4,0.6457080632124619,0.6650788321866902
451,1,0,3,4,1,2,2,4,0.20499178713992516,0.28069580203184297
452,1,0,4,5,3,3,4,2,0.3301746669186264,0.8980543811486449
453,1,0,2,5,1,1,2,3,0.255427012724334,0.7890271601936681
454,1,0,2,5,5,1,2,2,0.5589421499100868,0.8983736442338635
455,1,0,4,1,3,1,4,4,0.5916863776806702,0.6797825285120775
456,1,1,2,4,1,1,1,2,0.4113362575338947,0.9981196844516973
457,1,0,2,5,5,2,2,2,0.4509353869901195,0.46001398478519695
458,0,0,2,5,3,2,2,4,0.6956289904789019,0.8392771099432345
459,1,0,2,4,1,3,1,1,0.7926705954614888,0.4878096247105508
460,0,1,3,4,4,1,2,4,0.15146281445276955,0.8663309519875203
461,1,0,2,3,4,3,2,5,0.130723894551096,0.8350571287040727
462,1,1,2,3,4,1,2,4,0.4633778149844976,0.7966590429797841
463,1,1,2,5,3,2,2,1,0.9696922368432681,0.13760253952315382
464,1,0,2,5,4,1,2,3,0.988260036987525,0.6215697146387542
465,1,0,4,5,4,2,4,5,0.8087612138233954,0.7980600096413578
466,1,1,5,4,4,2,4,3,0.8055603515118865,0.7603153913123846
467,1,0,3,4,1,3,3,4,0.917481629708698,0.19639307581246035
468,1,1,5,2,5,4,4,4,0.5600078022496702,0.9249607351241623
469,1,1,2,4,1,3,1,2,0.3826936532702707,0.19687510434059408
470,1,0,3,4,1,4,3,2,0.10330785922736685,0.555438858130864
471,1,1,3,4,3,4,3,4,0.9002902108130104,0.40749376082293554
472,1,0,2,5,5,3,1,4,0.8655521478451701,0.2346255864103931
473,0,1,2,3,4,3,1,3,0.319118453814649,0.2931625350717463
474,0,1,2,5,1,3,2,3,0.9622725248986491,0.7828286086929517
475,1,1,2,3,4,4,1,2,0.3177267720734477,0.7412805505688289
476,1,0,3,2,4,1,2,5,0.28839172381738,0.47332970013954234
477,0,1,2,5,1,4,2,3,0.8626920350561086,0.18900047803018427
478,0,0,2,5,5,4,1,3,0.9368265307060726,0.5683727534793728
479,1,1,2,3,5,4,2,2,0.5508345251327774,0.6115248912970461
480,1,1,2,3,2,1,2,5,0.6737700151545252,0.430157150456178
481,1,0,3,2,3,1,2,5,0.36761875153437373,0.7869560993241964
482,1,0,1,4,1,1,1,1,0.7840188201436787,0.8255907502269734
483,0,1,4,4,1,1,4,2,0.40938645093918613,0.9659670270903518
484,1,1,2,5,5,2,1,3,0.270484483726795,0.5708326765904851
485,0,1,2,5,5,4,1,4,0.9206192864674755,0.8325945264594959
486,1,1,3,3,3,3,3,4,0.18674723112888347,0.9444407398571469
487,1,1,4,5,2,2,4,3,0.6223056921308778,0.17563015829773032
488,1,1,2,3,5,2,2,5,0.7388392246325447,0.0869880046913234
489,1,1,3,4,3,1,2,5,0.025262738868442325,0.8549616482849797
490,1,0,4,3,3,3,4,2,0.32677544981225715,0.020741780296470114
491,1,0,3,4,1,1,2,4,0.40076535168146743,0.718009590025773
492,1,1,4,4,2,2,4,1,0.242265472248952,0.9146141734831247
493,1,0,4,2,3,2,3,4,0.29060359873880226,0.23794249974301762
494,1,1,2,4,3,1,2,4,0.04827981469452325,0.7593129203334728
495,1,0,4,3,1,3,4,1,0.662298035960057,0.1082891728841252
496,1,1,2,3,2,3,2,2,0.8900594628520718,0.9908680939999548
497,1,0,4,1,4,2,4,2,0.916065916164072,0.6480772409910568
498,1,0,2,5,4,4,2,2,0.9421361585437115,0.10788181095781146
499,1,0,4,4,5,2,3,4,0.6409524303825385,0.2660098464112193
500,1,0,2,2,2,1,2,3,0.03804277062885009,0.40177947600320263
501,1,1,4,4,1,4,4,5,0.8331088138919651,0.6987423274323229
502,1,0,4,4,1,2,4,3,0.18602509463503125,0.3333106207054135
503,0,0,2,5,1,2,2,4,0.6403137089261347,0.25835518278666625
504,0,0,3,4,1,2,3,5,0.9940592280663842,0.9920165081343695
505,1,0,4,3,5,1,4,1,0.13232838106945488,0.8908477529646865
506,1,1,4,5,3,1,3,1,0.43482134087952096,0.43337895362210954
507,1,1,4,3,4,1,4,2,0.9935413413808069,0.9684641222917727
508,1,0,3,4,1,3,2,2,0.22640980343907557,0.578135818334016
509,1,0,4,1,3,1,4,5,0.033937755714805284,0.8135296805663015
510,1,0,4,2,1,2,4,2,0.8870962707531097,0.18298162724394396
511,1,1,5,1,4,2,4,1,0.603774411560349,0.48296490144237547
512,1,1,4,3,1,2,4,1,0.8632114265488597,0.7281965050062416
513,1,0,5,2,3,2,4,1,0.41579979904930287,0.50770802400711
514,1,1,4,1,1,3,3,1,0.09060670085056322,0.6247905863179559
515,1,1,2,3,4,1,1,1,0.06235423211098867,0.36614389211045406
516,0,0,4,1,1,2,3,3,0.04133014140437419,0.18655082217035923
517,0,0,4,1,1,1,3,2,0.2842621563147719,0.19240518611619284
518,1,0,4,5,5,2,4,3,0.07544581025484065,0.1813403101636426
519,0,0,4,1,1,4,3,1,0.17120693671538412,0.35357278348595145
520,1,0,3,4,1,2,3,1,0.16787659668855703,0.6314791715788199
521,1,0,3,2,3,1,2,2,0.6992599377563948,0.4417814677379688
522,1,1,3,4,5,3,2,4,0.09817706728808473,0.8951408822912874
523,0,0,3,4,1,1,3,1,0.4621621524855779,0.8752030152572423
524,1,0,4,4,1,1,3,3,0.7216435396612345,0.1848038154879874
525,1,0,4,5,2,3,4,4,0.9435593954192486,0.7170634241185283
526,0,1,3,4,1,3,3,5,0.334671517576267,0.4920018281581544
527,1,1,4,3,5,3,4,3,0.05397975745798267,0.18701514696991495
528,1,1,2,3,4,1,1,4,0.8605686008732066,0.0663214041153335
529,1,1,2,4,1,3,2,4,0.3017760960819099,0.49348339809602404
530,1,1,4,1,3,2,4,5,0.7490815426883455,0.6677976097433042
531,1,0,4,2,3,2,4,4,0.5779170619851791,0.591609453726559
532,1,0,4,5,5,1,3,3,0.457236308185453,0.9555700087743383
533,1,1,3,4,1,2,2,1,0.44860842656294486,0.0599084145063683
534,1,0,3,4,1,3,2,4,0.43579419014938536,0.39758787268446083
535,1,1,3,2,1,2,2,1,0.8462507292547038,0.6826161477680549
536,1,1,4,5,5,3,3,4,0.18233511634802457,0.776836706091086
537,1,1,4,5,5,1,3,4,0.4019714696679203,0.22953901179296332
538,1,0,3,5,5,2,2,5,0.8840000080808018,0.011300724279639573
539,1,0,3,4,1,1,3,4,0.9751900849347815,0.6626808288976015
540,1,1,4,5,5,3,3,4,0.23291846953304896,0.9107428272714564
541,1,0,4,5,5,4,3,2,0.11810651060717259,0.8452833072978002
542,1,1,4,5,5,3,3,1,0.9755614913216318,0.8578073434828467
543,1,1,4,3,3,2,4,2,0.9275482370095599,0.6039020170593662
544,1,1,2,4,1,2,2,4,0.7002393298358501,0.05798564216632107
545,1,1,2,4,1,2,2,4,0.4825747250364054,0.12259238639328973
546,1,1,4,1,4,1,3,5,0.807290353975866,0.8941272571537445
547,1,0,4,2,3,1,4,5,0.16925217274003224,0.153368785091907
548,1,0,4,4,3,4,3,3,0.8009739611226957,0.04798087652918748
549,1,0,3,1,5,1,2,1,0.7034631692096789,0.9098014311038805
550,1,0,2,5,5,3,2,3,0.7500388321028433,0.5108341557544075
551,1,0,4,4,1,2,4,5,0.5392868727966899,0.5250699068052052
552,1,0,3,5,1,2,2,2,0.8668316689465267,0.21027488202723332
553,1,0,4,5,5,3,4,2,0.024651135282886316,0.15529617420401076
554,1,1,4,4,4,3,4,5,0.9132172400727401,0.21978528443085088
555,1,0,3,3,1,2,3,5,0.38220659261578194,0.5444197948690185
556,1,1,3,5,5,2,2,2,0.8055865136019686,0.26657994843775357
557,1,1,2,3,4,3,2,4,0.5131577329094864,0.9580025905901184
558,1,0,3,3,4,3,3,1,0.48906435588381436,0.4367023571644313
559,1,0,3,5,5,3,2,5,0.23326295964332422,0.5191080769826111
560,1,0,3,3,4,3,2,3,0.08785032306033513,0.8838473998247024
561,1,1,2,1,1,1,2,5,0.011927025668478142,0.07407746035633289
562,0,1,2,1,1,4,2,3,0.3411504862729615,0.5913799418169431
563,1,1,3,1,1,2,2,2,0.6031824565528958,0.00474776476001626
564,1,1,4,5,1,2,4,3,0.3160008483446709,0.7257557761703121
565,1,1,3,1,1,1,2,5,0.8205957648411508,0.5504141412536219
566,0,0,3,5,5,4,2,1,0.44611705974461957,0.901887175753648
567,1,0,3,1,1,3,2,2,0.24925367075023763,0.6943033798430404
568,1,1,4,4,1,1,4,4,0.7481193739169336,0.33727485089346176
569,1,1,2,3,4,4,2,2,0.21141262485067758,0.6289695555090876
570,1,1,4,5,1,3,4,1,0.2200387944414478,0.9381307106049135
571,1,0,2,2,5,2,2,3,0.2838717971531841,0.6387460127056203
572,1,1,2,5,5,2,2,4,0.731372321552343,0.9839642088327692
573,1,1,2,3,4,1,2,3,0.5178027185388736,0.7386805077932889
574,1,1,3,3,4,3,2,5,0.6670926226207546,0.8981692224228625
575,1,1,4,1,1,2,4,1,0.9684012443791278,0.14426307588232945
576,1,0,3,1,1,2,2,5,0.1934073328181357,0.14697182262616182
577,0,0,4,2,1,4,4,5,0.9006208222785843,0.9656090007208052
578,1,1,5,5,2,2,4,2,0.2540380309813778,0.046740004120709555
579,0,1,4,5,5,1,4,2,0.41542093881013864,0.7432666932617169
580,0,1,3,4,1,2,2,4,0.15871607269580512,0.5874608079136943
581,1,0,2,3,4,4,1,2,0.5890354055892684,0.39232058377629975
582,1,0,2,4,5,2,2,4,0.5783908072447342,0.41803106419316394
583,1,1,2,1,1,4,2,3,0.3149893718832515,0.5345060512718963
584,1,0,4,5,5,4,4,3,0.4462170267016514,0.6131674785355474
585,1,0,4,2,1,4,4,4,0.709091452299693,0.827331988961387
586,1,1,4,2,4,2,4,1,0.27168387488294654,0.2137411148850593
587,1,1,3,3,2,2,2,5,0.0237987644428872,0.8452116389974411
588,1,0,3,1,1,2,2,5,0.010447486487915048,0.20124343880996176
589,1,0,2,4,1,4,2,3,0.46219526389677523,0.6362126715327023
590,1,1,4,4,1,1,4,5,0.7231840488865464,0.13073600778444816
591,1,1,2,2,5,2,2,5,0.25201908776292137,0.20585645173061828
592,0,0,3,5,4,2,2,3,0.3127796714262424,0.7354343553685816
593,1,0,3,4,3,4,2,5,0.23316351221974574,0.5463972859795743
594,1,1,3,4,3,3,2,2,0.390702968677908,0.40758960475990846
595,1,0,5,2,4,4,5,5,0.02987017573604911,0.7536603954069359
596,1,0,3,4,3,2,2,3,0.7174062060582181,0.04333023398358882
597,1,1,5,2,4,3,5,2,0.7802656722894425,0.3554632419499065
598,1,1,5,2,3,3,4,4,0.1960359879415452,0.8594713439711088
599,1,0,5,2,4,4,4,3,0.14101494657422098,0.9068730649852735
600,1,1,2,1,4,1,2,2,0.3259005349308187,0.933839131267136
601,1,1,5,2,1,3,5,2,0.645494304042412,0.898304177810504
602,1,0,2,3,4,1,2,2,0.7255487632802804,0.8815611775743089
603,0,0,3,5,4,2,3,5,0.7844818720036547,0.9686058406323437
604,1,0,3,2,4,3,2,2,0.24512274394863232,0.32326780744470796
605,1,1,4,2,4,3,4,4,0.7772980817888697,0.26402523557879387
606,0,1,4,4,1,1,4,3,0.2667001882494471,0.48217482352594165
607,1,1,3,3,2,4,2,3,0.5308674913510572,0.4209940838958546
608,1,1,4,5,3,4,4,1,0.41224948936324324,0.324437039647374
609,1,1,3,5,3,1,3,1,0.2257646140663606,0.6925258699081696
610,1,1,3,4,5,4,2,4,0.24680445531194373,0.8049636122991988
611,1,1,3,5,2,2,3,1,0.9017105388478639,0.6080361372859571
612,1,0,5,5,4,3,4,2,0.2562825435785707,0.05029782030269647
613,1,0,3,5,1,4,3,3,0.26291077896154835,0.718755285412756
614,1,0,4,3,4,3,4,3,0.06168940307757442,0.040825901199977865
615,1,0,3,2,4,2,3,3,0.6797656635892877,0.3152656760373126
616,0,0,4,3,2,2,3,4,0.29466208305075825,0.17920114668768394
617,0,1,2,5,5,1,2,5,0.12095789597457474,0.9431927402134201
618,1,1,2,3,4,4,2,5,0.4383295675898018,0.16430966513360812
619,1,1,3,3,4,4,2,5,0.36087912242607056,0.23213749531048988
620,1,0,3,3,4,4,2,4,0.26555248073284554,0.9255123682533117
621,1,1,4,4,5,3,3,4,0.09583137748401871,0.05986911277071738
622,0,1,3,5,3,3,2,3,0.0024582144025863117,0.5035181682876234
623,1,0,3,5,2,2,2,3,0.16072320240928917,0.5235124847567223
624,1,0,3,3,2,2,3,4,0.1345785525277544,0.06886469046943511
625,1,0,2,5,5,1,2,3,0.4357642707571805,0.3458857813358196
626,1,1,2,5,5,3,2,3,0.4876018226046318,0.4660330978994519
627,1,1,2,2,2,4,2,4,0.3197551459437179,0.22261483956044015
628,0,0,3,4,1,3,2,5,0.49153267886864993,0.768803360295158
629,1,1,2,4,1,4,2,1,0.802361540438105,0.5180401125104561
630,1,0,3,4,1,2,3,1,0.9105870934013045,0.16972758049999115
631,1,1,2,1,4,4,1,3,0.7852426836004647,0.03870210333732882
632,1,1,5,4,1,2,4,4,0.7313767567453084,0.306856315670778
633,1,1,4,4,5,4,4,4,0.9025852325138958,0.5889662787004856
634,1,1,5,5,2,4,4,3,0.3295428648901444,0.5792500473163249
635,1,0,1,4,1,1,1,4,0.05770232587554647,0.4962421741341472
636,1,1,2,2,2,4,1,1,0.4083812062440666,0.5214459740136757
637,1,0,4,5,5,4,4,3,0.5458219176926188,0.5014469344966979
638,1,1,4,1,4,1,3,3,0.7504559832568254,0.7189533999259219
639,0,0,3,1,1,1,3,1,0.4768406897205746,0.7209772843595
640,1,1,3,2,3,4,3,5,0.23379323132208563,0.5748029153391275
641,1,1,2,3,4,4,2,4,0.03571358210560793,0.7654616738097173
642,1,1,2,2,5,4,2,1,0.5867885135719835,0.027836252059540545
643,1,0,2,3,4,4,2,2,0.778929274427758,0.1604344002677316
644,1,0,2,3,3,2,2,4,0.5456881741219927,0.19094818831118288
645,1,0,3,3,3,1,2,2,0.9685713699409032,0.4953156463646501
646,0,0,4,4,3,2,4,5,0.549333085968771,0.850304171486839
647,0,0,4,4,3,1,4,1,0.2343403624872854,0.5376005675822266
648,1,1,4,4,4,2,4,4,0.583197456707066,0.784182193489922
649,1,1,3,3,3,2,2,1,0.6354857564170876,0.4231633337498927
650,0,1,4,5,1,1,4,5,0.21537013847997233,0.06103862181611097
651,0,1,3,1,4,3,3,4,0.5453933696488196,0.9426818317804979
652,1,0,2,3,4,3,2,4,0.07912002305224264,0.2985041708570696
653,1,1,2,4,4,1,1,2,0.40345880838514925,0.3776650767476588
654,0,1,3,1,2,2,3,4,0.6542314561230598,0.7288955785417527
655,0,0,3,3,3,2,2,5,0.043437859412879365,0.3627096903362561
656,1,0,3,5,1,3,3,4,0.5765212837996904,0.6630470937843178
657,1,0,2,5,2,1,2,1,0.06943819870246404,0.9860939731241863
658,1,0,2,3,5,4,2,2,0.859818840053177,0.3151741906716744
659,1,1,3,2,2,2,3,3,0.5177799950336638,0.08085374414078794
660,1,0,3,3,3,1,2,2,0.11974754591720782,0.4131157104745039
661,0,1,3,3,3,2,2,5,0.11177503371121367,0.3232659759354105
662,1,1,2,2,2,2,2,2,0.919287875079278,0.28880273423197766
663,1,1,3,4,3,4,3,3,0.9751931968535669,0.97706873684481
664,1,1,2,4,1,1,2,2,0.4092569516219954,0.6841062285181039
665,0,1,3,2,2,4,3,4,0.4512117902794056,0.21366358283289033
666,1,1,3,3,2,4,3,3,0.6676509291704976,0.4181696849848625
667,0,0,3,4,1,1,2,4,0.15149570917417443,0.0626958355550914
668,1,1,2,2,2,3,2,4,0.5710930498008856,0.49143922048396727
669,1,0,3,5,5,3,2,3,0.18846346416375293,0.7017696417604294
670,1,1,2,1,1,4,2,5,0.6119934775616914,0.5397712305402096
671,1,0,5,1,1,1,4,3,0.4026371116127285,0.9751172548353548
672,1,1,3,2,1,2,2,5,0.74174061803906,0.12908969224619815
673,0,0,2,5,3,4,2,1,0.4885409226851567,0.14593942372600288
674,1,0,2,1,1,3,2,1,0.04319444488490354,0.9361694646599836
675,1,1,3,2,1,4,2,1,0.022835805354111227,0.44686947672331645
676,1,1,3,5,5,1,2,4,0.5933197284710184,0.6839470682338842
677,0,1,5,3,5,3,5,5,0.23859788933776827,0.4255832447813477
678,1,1,3,5,5,4,2,3,0.791257284917822,0.3691973033852355
679,0,0,3,5,5,1,2,3,0.9782295951395406,0.765017553942163
680,1,1,3,4,1,1,3,5,0.9008476117489335,0.8958831830454218
681,1,1,2,3,2,4,2,3,0.16623465520004255,0.24841952632693098
682,1,0,4,1,2,1,3,2,0.7766538864833733,0.35846486068620864
683,1,0,2,5,2,4,2,1,0.4697093736910041,0.5533234706860123
684,1,1,2,5,1,1,2,3,0.281631642836897,0.8362446231186238
685,0,1,2,2,1,3,2,4,0.5947894192897006,0.8184051031985885
686,1,0,4,2,5,3,4,4,0.8060242210666384,0.7620399759187827
687,1,1,4,2,3,1,3,1,0.8190700342466444,0.003279417492049519
688,1,0,4,1,1,2,4,4,0.4644823441536947,0.06997607702685704
689,1,0,4,3,1,3,4,4,0.8224768809940796,0.9570108177302804
690,1,1,3,1,2,2,2,5,0.883845519192609,0.1633360013061239
691,1,1,3,4,1,4,2,5,0.9379648903715835,0.2534583991521868
692,1,0,3,3,4,1,2,3,0.42527112176173365,0.8070147149455026
693,1,0,3,3,4,3,2,4,0.41442162304475316,0.1608807609836197
694,1,0,2,3,2,4,2,1,0.8057858871245954,0.625372701036508
695,1,1,2,3,2,3,2,4,0.4515832265829147,0.7530161367828534
696,1,0,2,3,2,4,2,4,0.42704160544118963,0.020995778088661377
697,1,0,3,4,1,4,2,3,0.13528268522132625,0.3784209727187924
698,1,1,5,5,5,1,4,4,0.8994394197964042,0.8150117416683544
699,1,1,3,4,5,1,2,5,0.81203031658803,0.7548349112365381
700,1,1,4,1,5,3,4,4,0.3909605108903532,0.1863108159988951
701,1,0,3,3,4,2,2,1,0.24341321779719005,0.6998448856985947
702,1,1,4,3,2,1,4,1,0.7785409065480465,0.4474197035310783
703,1,1,4,4,3,2,4,3,0.04652449399100278,0.49787922092236025
704,1,0,3,4,5,4,2,2,0.9961913718051962,0.598633618881642
705,1,0,2,4,4,2,2,2,0.9848020981897821,0.554989496516108
706,1,1,2,4,3,1,2,5,0.024254982292789773,0.3520330880557757
707,1,1,4,5,5,3,4,4,0.8912989445627156,0.701732184620588
708,1,1,5,1,5,4,5,2,0.29862177099602005,0.31343053316412084
709,1,0,4,1,2,4,3,5,0.22699247395278654,0.05463713581205476
710,1,0,2,4,3,2,2,4,0.033966845481873564,0.26024018090433
711,1,0,3,4,4,4,2,4,0.7724696254811791,0.12040166616188674
712,1,0,2,4,3,3,2,4,0.5209966238513704,0.47461432492613453
713,1,0,3,3,4,2,2,3,0.5440452155151859,0.5415937752008185
714,1,1,3,3,4,1,2,4,0.5350003421233546,0.35554039886289746
715,1,0,4,3,1,3,3,2,0.49089804737394305,0.41156390741973436
716,1,0,4,5,2,3,3,5,0.8520307195041201,0.4930883281290357
717,1,0,2,4,5,2,2,4,0.046929795154025955,0.23042282133346048
718,0,0,3,3,4,1,2,2,0.03392510676845484,0.04450627074333924
719,1,0,4,4,1,4,3,4,0.6784910640153934,0.8725405940305342
720,1,0,5,2,2,3,5,1,0.9387614625331095,0.2628639567572637
721,1,0,2,3,4,3,1,5,0.6249575433465219,0.7542849720781702
722,1,0,4,4,5,3,3,5,0.00775683251522119,0.5508514183659149
723,1,1,4,3,4,4,3,1,0.9847525254390606,0.9842556198055475
724,1,1,2,3,4,2,1,3,0.8152605054950076,0.618583541307902
725,1,1,2,4,1,3,2,3,0.6991700271948483,0.32839580934367807
726,1,0,5,2,4,1,5,4,0.47902503147455955,0.22581546483490245
727,0,0,3,3,4,1,2,5,0.05094341110723055,0.38845934592124653
728,1,0,5,4,1,4,5,3,0.20429472879774935,0.4092591292593122
729,1,0,2,3,4,4,1,3,0.3631066553538519,0.9077520195142968
730,1,0,3,3,4,4,2,2,0.10913518578804826,0.8786013242481175
731,1,1,3,4,1,2,3,1,0.4441541698697543,0.6395691499006706
732,1,1,2,1,2,1,2,3,0.088309719042871,0.05872790035549025
733,1,0,2,3,1,3,2,5,0.2217214699135971,0.750782088112764
734,1,0,4,3,2,2,4,5,0.4161081659987679,0.7234324994993188
735,1,0,3,4,1,4,3,5,0.5264310100538108,0.751029425881165
736,1,1,2,4,1,4,1,4,0.3533021885235412,0.7825972635713725
737,0,0,4,1,5,3,4,2,0.4139527420528889,0.5575409343183053
738,1,1,2,4,1,1,1,2,0.818347276183745,0.24219547315996115
739,1,1,2,4,1,3,1,2,0.9880443213282936,0.6844504774491029
740,1,1,4,3,5,3,4,4,0.43001364386492,0.0019526961184720415
741,1,1,1,3,4,2,1,4,0.1823920350196503,0.6992524730973998
742,0,0,4,3,2,1,4,4,0.7512381844644996,0.059955023792878315
743,1,0,4,5,4,2,4,2,0.45152403296352905,0.4486991591084244
744,0,0,3,4,1,1,3,2,0.7398091245336113,0.6298718667514318
745,1,1,4,3,2,3,4,1,0.5541770902588826,0.2923130144680064
746,1,1,2,4,1,3,2,4,0.8569032722218608,0.6086709452354215
747,1,1,3,4,1,3,3,1,0.3682036707926357,0.2046492875310224
748,1,0,4,5,2,1,3,5,0.8483292404383607,0.05762167172743771
749,1,0,2,5,4,3,2,1,0.9896063257810523,0.1459140339654733
750,1,1,2,5,5,3,2,1,0.39045402318877287,0.2274396785951589
751,1,0,2,5,1,2,2,1,0.5666678841886607,0.17658942762499108
752,1,0,4,5,4,4,3,4,0.478756009626775,0.7592230666813868
753,1,1,2,4,1,4,2,2,0.10349046430139952,0.7172275493678347
754,1,0,2,4,1,1,2,2,0.39980173933506513,0.3227493745952462
755,0,0,4,3,2,4,4,1,0.16193222956361286,0.00978981092768838
756,1,0,5,1,1,1,4,3,0.6172302045582015,0.808549071067041
757,1,0,4,5,2,3,4,5,0.9310479814361601,0.08098631626954855
758,1,1,2,4,1,4,2,5,0.7007560633693183,0.2648857981466285
759,1,0,2,2,1,4,2,2,0.07856319351591556,0.9049122269209884
760,0,0,2,4,2,1,2,1,0.8151610425449789,0.9834471595409917
761,1,1,2,2,1,2,2,2,0.004418015672732922,0.11117356485042285
762,1,0,5,2,1,1,5,3,0.08908404994234853,0.24041203716329995
763,1,0,2,4,4,4,2,5,0.12177134221094688,0.5470311518548711
764,1,0,3,5,5,3,2,5,0.9963887819111296,0.7002261921021387
765,1,1,2,2,4,3,2,2,0.514216820966537,0.017304618356471124
766,1,0,2,5,4,1,2,1,0.8209895836615541,0.5699254420039939
767,0,1,2,3,1,2,2,4,0.8613996282163464,0.9814303940792487
768,1,1,2,4,1,1,2,2,0.7556241934622568,0.04578519416351656
769,0,1,3,5,5,2,2,4,0.17511260964227493,0.6452162837314187
770,1,0,2,2,1,2,2,4,0.27594382780782867,0.03639078424178954
771,1,1,2,4,1,4,2,3,0.9878076151375809,0.5139917316154918
772,1,1,3,5,5,2,2,3,0.09790778405761125,0.9683598196333887
773,1,1,3,5,4,4,3,3,0.3340068644920562,0.16107472206305373
774,1,1,3,5,1,3,3,2,0.5255277902218015,0.26280125628362705
775,1,0,2,3,4,2,2,2,0.3751601787610872,0.5480406260480473
776,1,0,2,3,3,4,2,1,0.5146211443503842,0.7765882346627939
777,1,1,3,5,4,4,3,5,0.4191868417031054,0.39086481075914525
778,1,0,3,5,3,1,3,5,0.8569221281603878,0.6266157039211238
779,0,0,2,2,5,4,2,5,0.06629433307222321,0.6277690442942242
780,1,1,2,2,3,3,1,5,0.07323490654225373,0.11727434897614797
781,1,1,2,3,4,2,1,1,0.829609725162858,0.9096552951902419
782,1,0,2,5,2,4,2,5,0.527484130817308,0.22070333521721108
783,1,1,2,4,2,3,2,2,0.949208392408539,0.06324995739725991
784,0,1,4,5,1,3,3,1,0.8169480389320449,0.8499448213161424
785,1,1,4,4,1,2,3,4,0.9798559811865227,0.20588198627563392
786,1,1,3,5,1,4,2,2,0.8535233948270482,0.01480352736393209
787,1,0,3,4,1,1,2,5,0.2586675357210795,0.3749543744418289
788,0,1,3,4,1,4,3,3,0.33835121905788357,0.25235004840744435
789,1,1,3,2,1,2,2,2,0.1771487925082338,0.3950722026906376
790,1,1,2,2,5,4,2,4,0.5838387069803165,0.3939401242970909
791,1,0,4,5,5,2,4,4,0.09978019039317843,0.48689981101960433
792,1,0,4,4,1,4,4,4,0.37381353920745497,0.9521950250133429
793,1,0,4,4,1,3,4,4,0.985035616608825,0.6585016800058114
794,1,1,4,4,1,1,4,1,0.1673196511536923,0.11860802622466704
795,1,0,3,3,4,3,2,1,0.38466723252082147,0.4749164109876174
796,1,0,5,4,5,4,4,1,0.31806336337808216,0.5748123500254054
797,1,0,4,4,5,1,4,3,0.021498185132019954,0.048262815023841776
798,1,1,2,3,2,4,2,4,0.26564462507219067,0.5761787357661055
799,1,1,3,3,4,2,2,5,0.8107202880782794,0.05639829363688287
800,1,0,2,5,5,3,2,5,0.6979853977561356,0.6317456864768021
801,1,0,3,2,1,2,2,2,0.4618596375638979,0.7944182888763064
802,1,0,3,2,1,2,2,1,0.7070973549018698,0.9759661867166283
803,1,0,2,5,5,4,2,2,0.3603627684389362,0.21166392250913502
804,1,0,3,4,1,1,2,2,0.19945190561665294,0.27015129523587844
805,1,0,3,2,1,1,2,2,0.9840384404905228,0.3180447921660806
806,1,1,5,3,4,2,5,2,0.491432367227593,0.06758219784443353
807,1,1,3,3,4,3,2,5,0.8029518842317795,0.6549991518889101
808,1,0,4,4,4,2,3,2,0.8937283326379138,0.018679074900486703
809,1,0,3,3,3,1,3,4,0.1392868049890419,0.31488456455393454
810,1,0,2,3,4,1,2,2,0.16259838960518402,0.4770054035785768
811,1,1,3,5,4,1,2,1,0.5828001659300048,0.9400327177687572
812,1,0,3,5,4,3,3,3,0.13663082174149144,0.12634508230181252
813,1,1,3,2,5,1,2,4,0.13567932709697295,0.7477880761764959
814,0,1,5,3,4,2,5,1,0.9376155471540002,0.24683637407201497
815,1,0,2,3,5,3,2,5,0.5384003340334774,0.02618122248846888
816,1,1,3,5,2,3,2,2,0.39007428234382535,0.44761410171786975
817,1,0,3,1,1,1,2,1,0.36790375826891997,0.051215616141512044
818,1,1,4,2,1,2,4,4,0.09219115850369353,0.11233600244948605
819,1,0,2,4,4,4,2,4,0.6329300021803391,0.48668644583432696
820,0,1,2,3,4,3,2,2,0.6032759085716722,0.7514830901444917
821,1,1,4,4,5,2,4,1,0.8140117549881314,0.009678432980721352
822,1,1,3,2,2,3,3,4,0.4925003776050777,0.34089425471594426
823,1,1,3,1,1,4,2,1,0.5528024440060261,0.4191476865033129
824,0,1,5,2,3,3,4,1,0.6437495501577506,0.07667881881168204
825,1,1,2,5,5,2,2,5,0.29694865300037077,0.45104486798617627
826,1,1,5,2,5,1,4,4,0.15589434870595187,0.5883655610092505
827,1,1,3,1,1,4,2,1,0.4478259213869208,0.12955158486597063
828,1,1,5,1,2,3,4,4,0.5258741574918538,0.8497951859224743
829,1,0,2,4,5,2,2,1,0.31636213267920843,0.07978113683464028
830,1,1,2,4,5,2,2,5,0.9859765312847908,0.7873145297855868
831,1,0,2,4,1,1,2,5,0.21760634520377542,0.267253502624764
832,1,1,2,5,2,1,2,1,0.476853824748253,0.7939044177518509
833,0,1,2,4,1,3,2,3,0.03866884316617114,0.211356189497113
834,1,1,4,4,1,3,4,4,0.4261920925908349,0.9423113290694622
835,1,0,2,5,3,2,2,2,0.5795212523510364,0.9324490702607554
836,1,1,4,4,1,2,3,2,0.11243353955641477,0.9225389904741503
837,1,0,4,4,1,4,3,4,0.5409768771928796,0.19246219030847045
838,1,0,4,4,1,4,3,4,0.1668486889386418,0.8440419124887886
839,1,0,4,2,1,4,4,2,0.9349271527622106,0.5821332378138507
840,1,0,4,3,5,4,3,3,0.5934505986981874,0.007208943926495737
841,1,0,3,1,2,4,3,4,0.4124833086175518,0.5366658591111215
842,1,0,2,3,4,3,2,5,0.48372338591390485,0.15562792100303946
843,1,0,3,4,4,1,3,3,0.6818976894774926,0.4714956380552783
844,1,0,2,4,1,3,1,3,0.8265875931317401,0.44975187784396586
845,1,0,2,2,3,2,1,5,0.19194022957920154,0.6184896145442975
846,1,1,2,3,4,3,2,1,0.250904376201321,0.5019150085374989
847,1,1,2,3,4,3,2,4,0.46349806520855463,0.20203392025912525
848,1,0,2,3,4,1,2,5,0.1259689895786713,0.7011888728853389
849,1,1,2,2,3,1,1,4,0.598230124816536,0.16595343968309784
850,1,0,2,5,5,3,2,5,0.6760912650652217,0.48312686432838114
851,1,1,2,3,4,2,2,3,0.4477401618615774,0.3236595203366971
852,1,0,2,4,1,4,1,3,0.7316807119514214,0.7101440499162578
853,1,1,5,2,5,3,5,1,0.4144905392064512,0.7926784041635466
854,1,0,1,2,3,3,1,1,0.751595244528856,0.07532989879341845
855,0,0,4,5,1,1,4,5,0.09958560431270591,0.6940466271748745
856,1,1,2,3,4,3,2,1,0.21274031785698655,0.2017781941605865
857,1,0,2,5,3,1,2,2,0.9165974366725327,0.10425700736719179
858,0,0,2,2,1,1,1,5,0.3783637519099433,0.16658925367110866
859,1,1,4,4,1,3,4,4,0.6282819139659722,0.12862207360060218
860,1,0,2,3,4,4,2,1,0.25339113047502193,0.8647134169631019
861,1,0,2,3,4,1,2,5,0.5322044223751041,0.7285997708167254
862,0,1,4,2,3,2,4,3,0.5980924561547898,0.28412134915433984
863,1,0,4,2,5,2,4,1,0.674277715841097,0.8348599282758064
864,1,0,2,4,1,2,1,3,0.2029244925572362,0.9712806984966512
865,1,1,3,2,2,2,3,3,0.7757346629505691,0.3060435615430904
866,1,0,4,3,3,1,4,1,0.8233499673360098,0.43132747333181765
867,1,0,2,4,2,1,2,3,0.3476317505305032,0.30864698081622677
868,1,0,2,5,4,4,1,2,0.6256124900736151,0.1926903248744577
869,1,1,3,2,1,2,3,3,0.19219244587597784,0.3270399487788488
870,0,0,3,5,2,1,3,1,0.715010730997499,0.696747816706869
871,0,1,5,3,4,4,4,1,0.49522745562809,0.6229057070908824
872,1,0,2,5,5,3,2,5,0.09067579706158424,0.19826961995428338
873,0,1,5,3,4,4,4,3,0.42534683314698185,0.4680261853645007
874,1,0,3,2,1,1,2,4,0.7624368199740589,0.473798968426569
875,0,1,5,3,4,2,4,3,0.3881052100152027,0.35877518661828955
876,1,0,2,5,5,2,2,4,0.6084017891380298,0.7878661227278757
877,1,1,3,5,4,3,2,4,0.5099739904185555,0.9115880684247205
878,0,0,2,2,1,4,2,4,0.8396473501273252,0.40185297496307737
879,1,1,4,3,4,4,4,4,0.4707216518182059,0.3183074776998638
880,0,0,5,3,4,1,4,1,0.07754810101266219,0.9720867227626889
881,1,1,2,5,5,2,1,4,0.07182813514435848,0.7964318553650562
882,1,0,4,4,3,4,4,1,0.14694159611715019,0.6769695789221022
883,0,0,4,3,3,2,4,5,0.5288446104110867,0.4472250140756291
884,1,1,4,3,4,4,4,5,0.23312505820128948,0.5481282360438542
885,0,1,4,3,1,2,4,5,0.6692380150270404,0.5245123341624623
886,1,1,4,3,2,2,4,1,0.49244871662647194,0.2626074221518965
887,1,1,4,4,5,4,4,1,0.778080219832123,0.3406831016374826
888,1,0,4,3,2,4,4,5,0.7401426129722095,0.17654519273559877
889,1,1,3,5,5,1,2,1,0.46967568609981647,0.7772471280275653
890,1,1,3,5,5,2,2,5,0.9944282715484031,0.9579275817411608
891,1,1,5,3,4,2,5,3,0.9245479010281427,0.3983792852291568
892,1,1,3,3,4,2,2,4,0.7371154560731398,0.7908301652091696
893,1,0,4,3,3,4,4,3,0.4910991758753359,0.36855967045232685
894,1,0,2,3,4,2,2,3,0.38541949256105146,0.858414163644182
895,1,0,4,2,2,3,4,4,0.3759605312361399,0.38253612677597437
896,1,1,3,4,1,2,2,5,0.3044951334857847,0.9870142782503514
897,0,1,5,5,1,3,4,1,0.058864842974367226,0.23777302616163987
898,0,0,2,3,4,2,1,3,0.6774871171157654,0.05830980716204759
899,1,0,3,1,5,3,2,5,0.5112842709610913,0.6388490730749101
900,1,0,3,3,4,3,2,3,0.5685400496822978,0.6882586850929329
901,0,0,5,5,1,2,5,1,0.12915678012557652,0.2995566104740419
902,0,1,4,4,1,4,4,5,0.5179684072252835,0.7590879712267616
903,1,0,4,4,1,2,4,1,0.9210676184777072,0.16817922349505732
904,1,1,3,3,4,4,2,2,0.9107344781138578,0.7438621886480538
905,1,1,2,5,5,2,2,2,0.4095792736035023,0.4922574227943102
906,1,1,4,4,1,1,4,3,0.5400506746001238,0.08780829916943
907,0,0,4,3,3,4,4,1,0.671476960268007,0.9965421975716691
908,1,0,4,4,5,1,4,5,0.23841029106917278,0.7201034600680404
909,1,1,3,1,1,2,2,4,0.6038918664505861,0.6845550819336522
910,1,1,3,1,1,2,2,2,0.8777855556009322,0.442006590081505
911,0,1,4,3,3,1,4,1,0.6287212364238682,0.5003578622888407
912,1,1,3,3,4,4,2,4,0.07551654172473055,0.06328667506268237
913,1,1,4,2,5,1,4,2,0.7480826817416981,0.7483667770313727
914,0,0,3,4,3,2,2,2,0.16221046334340938,0.19638333462189117
915,1,0,5,4,1,1,4,5,0.5078903437186574,0.23959823613033937
916,1,1,4,2,3,2,4,4,0.04131633919848854,0.38807674157795324
917,1,1,2,1,1,4,2,5,0.35889021171212987,0.9497346430308552
918,0,1,3,1,1,3,2,2,0.5165651111362664,0.15373247440167304
919,1,1,3,4,2,2,2,2,0.8904750224436404,0.2850276827563373
920,0,0,4,3,5,3,4,2,0.6948786225299017,0.41975846113537396
921,0,1,3,3,2,1,3,5,0.22008319235156515,0.3577502717958606
922,1,0,2,3,4,1,2,5,0.9348662609925922,0.23767679605543013
923,1,1,3,5,2,2,3,4,0.674757834349146,0.561501754022192
924,1,0,3,1,4,4,3,3,0.6473003186649446,0.06288738628279877
925,0,0,3,2,2,1,2,2,0.07519302054626997,0.9083372093839509
926,1,1,2,3,4,2,2,5,0.828351772415359,0.7934210650762781
927,0,1,4,4,1,2,4,1,0.6703359136783393,0.3168971327045287
928,0,0,2,4,4,4,2,5,0.5107440113764241,0.792879209701107
929,0,1,2,4,3,4,2,1,0.7808606994650223,0.770815762255907
930,1,1,2,1,4,3,2,2,0.3400981212408999,0.6405943681070504
931,1,0,4,4,3,3,4,5,0.8307773165080058,0.027344216251928732
932,1,0,2,2,1,4,2,4,0.3112945631495354,0.7759396094460849
933,1,0,2,5,4,2,2,2,0.25936070556312385,0.028555726535513748
934,0,1,4,4,1,3,4,2,0.38930657692313153,0.48708361312929405
935,1,1,2,4,5,3,2,4,0.39554911634921797,0.3573592422305849
936,0,1,4,5,2,4,4,5,0.38584821216174303,0.5616760863390914
937,1,0,3,4,3,1,3,3,0.2153566343739104,0.33068827279122803
938,1,0,2,4,5,3,2,2,0.048595076214609234,0.24096447255583853
939,1,0,2,3,4,1,2,3,0.24924038988377273,0.9196673491357449
940,1,0,2,4,2,4,2,5,0.5107529554163787,0.8176736962286792
941,1,0,2,4,5,1,2,4,0.2487558848316379,0.9770022731913378
942,1,0,2,3,4,3,2,5,0.4079598895125296,0.5017643972238204
943,0,0,4,3,5,4,4,2,0.41582460559656154,0.8358645233831674
944,1,0,2,4,1,2,2,2,0.3811118084409886,0.513072792002707
945,1,0,2,4,5,3,2,5,0.17487018750790095,0.9791048852700164
946,1,1,4,4,3,3,4,5,0.590697106675107,0.2459597827655643
947,1,0,4,1,4,1,4,2,0.6116372152048877,0.9331313588772772
948,1,0,2,4,2,2,2,4,0.4805405222288044,0.1607238191448831
949,1,0,2,1,3,2,2,4,0.8237169259878615,0.6220488892260995
950,1,1,3,4,3,3,2,5,0.27695973621589076,0.655316412172908
951,1,1,2,4,1,2,2,1,0.3610108133796067,0.3356821275307251
952,0,1,4,2,3,2,4,4,0.29601981798407884,0.7883445183443331
953,1,1,2,4,3,3,2,5,0.8979335595521061,0.34957632376940173
954,0,0,3,4,5,4,2,3,0.5419364693680138,0.2855429757779774
955,0,1,3,1,1,2,2,1,0.9854646711012832,0.2949085633379931
956,1,0,2,4,1,3,1,4,0.98685382309531,0.7613130708442342
957,1,1,2,4,3,3,2,2,0.8339747896877023,0.11000684097724134
958,1,1,4,2,1,4,4,3,0.4440876192642156,0.6037419621546414
959,1,1,2,4,2,1,1,1,0.14086080598457218,0.25579536488925625
960,1,0,5,1,4,4,5,1,0.7117164100753833,0.31540416916529046
961,1,0,2,4,4,2,1,1,0.6916800827633233,0.8940660060147099
962,1,0,5,5,3,2,5,4,0.2634713864155288,0.8047199131266193
963,1,1,2,3,1,4,2,3,0.8750940530383228,0.7179598148240077
964,1,0,3,1,1,2,2,4,0.5623580395097717,0.9298790955147963
965,0,1,3,1,1,2,2,5,0.7991054714132089,0.3973948882826994
966,0,1,3,1,1,4,2,1,0.942891580605791,0.6120163664100041
967,1,1,3,1,1,2,2,2,0.09095233658320379,0.5208881353775413
968,1,0,5,4,5,1,5,4,0.5395705359989356,0.7597029262498949
969,0,1,4,2,5,2,4,3,0.8343229777366314,0.831248817096069
970,1,0,4,4,1,4,3,3,0.6651621783053069,0.7478721181895971
971,0,1,4,4,2,1,4,2,0.4134724048816355,0.48404079624220453
972,1,1,5,3,1,3,5,4,0.4510517444352101,0.9152419909152327
973,1,0,1,3,4,1,1,1,0.9811701193759355,0.03752743257007962
974,1,1,1,3,4,4,1,4,0.9425279015423933,0.36063863866641743
975,1,1,3,3,4,1,2,4,0.4431581922162897,0.5451601638451306
976,0,0,3,2,1,1,2,5,0.9230138899789904,0.6200363372741254
977,1,0,3,4,1,3,2,2,0.7495087506714478,0.6065048686945412
978,1,0,4,3,4,4,4,1,0.8973750148678363,0.9488600352124295
979,1,1,3,2,1,2,2,1,0.4322207038840409,0.29434836507722817
980,1,1,4,4,1,4,4,2,0.6412712965389066,0.8103067731450324
981,1,1,4,4,2,2,3,2,0.02676640714739076,0.5997218259097108
982,1,1,3,3,4,2,2,2,0.05768886178587085,0.7223038755364221
983,1,1,4,4,1,2,4,4,0.8239310235501078,0.9090105100231843
984,1,0,5,4,4,2,4,2,0.9143748676282536,0.9825989156704843
985,1,1,4,5,5,4,4,5,0.26730536636933977,0.530723520038656
986,1,0,2,1,1,3,2,4,0.9003113728680159,0.8626432305162499
987,1,1,4,5,5,4,4,4,0.9473836671101933,0.15701983015213794
988,0,0,4,3,1,1,4,5,0.13347955191252847,0.5465031873506647
989,1,0,2,4,4,1,2,5,0.5388796013676512,0.06139621129374084
990,1,0,5,2,5,2,5,4,0.5306628944395532,0.7514366557995804
991,1,0,2,1,1,4,1,1,0.10441086326530935,0.49581472064661536
992,1,1,2,5,5,1,2,3,0.6551678851416157,0.5942030915694966
993,0,0,4,5,2,1,4,5,0.3586675129753131,0.29475700295794316
994,1,0,4,3,3,2,4,4,0.9352918252889455,0.685912257222135
995,1,0,4,4,1,3,4,5,0.266401161235569,0.5989683503651709
996,0,0,4,4,1,1,4,4,0.2952805087383442,0.9127306092512372
997,1,1,3,1,1,2,2,4,0.2700430414774416,0.08942110587306051
998,1,0,2,2,5,1,2,4,0.7489131922420349,0.9941096760837252
999,0,1,2,5,4,3,2,2,0.9795320693443339,0.13133276283784745
1000,1,1,4,3,5,4,4,1,0.8944571272729326,0.36844392108347046
1001,0,1,4,4,2,3,4,3,0.36869266125924394,0.4161244039583385
1002,1,1,2,1,1,4,2,5,0.33245508843059113,0.37441745183569075
1003,1,0,2,5,1,1,2,2,0.043218656132297806,0.018224626087731677
1004,1,1,2,3,4,4,1,3,0.24008693045283103,0.792246982199348
1005,1,1,4,2,2,1,3,5,0.5240535648316014,0.7606462412590815
1006,1,1,3,3,4,3,2,4,0.13793667355486916,0.3664170567811744
1007,0,0,4,3,4,2,4,4,0.5901275202844131,0.8051553140382658
1008,1,0,2,3,4,4,1,5,0.17332644109514705,0.3291636482344975
1009,1,0,2,2,1,3,2,3,0.7920388779757199,0.9844972258084127
1010,1,1,2,2,1,4,2,3,0.2988905106265132,0.6132033468279489
1011,1,1,4,2,1,1,4,5,0.7043622602058878,0.7783393766407195
1012,1,0,4,2,4,2,4,2,0.7988313050725546,0.5716374315330504
1013,1,0,4,2,2,4,4,1,0.7603888933717124,0.32278883074704434
1014,1,0,2,1,1,1,2,2,0.2267434263432787,0.4868257883780662
1015,0,1,4,5,3,3,4,4,0.9655816672996497,0.5091136874576693
1016,1,1,2,2,1,4,2,2,0.7454016364452835,0.3289466047546712
1017,1,0,4,3,4,1,3,5,0.7140141186751904,0.5465162355317095
1018,1,1,2,2,1,1,2,2,0.8485704056112522,0.514607601277955
1019,1,0,4,1,1,2,4,4,0.2343358732773705,0.6966247812053386
1020,0,1,3,3,2,1,2,4,0.6729544190795285,0.048554982425927706
1021,1,1,4,5,1,2,4,4,0.1965627753096547,0.626403119372799
1022,1,0,3,1,5,1,2,1,0.11789070032418658,0.45940406371446973
1023,1,0,2,2,1,4,2,1,0.9002409705319894,0.13564316336579285
1024,1,1,2,2,1,1,2,4,0.8173057017652723,0.5900321825603005
1025,1,1,4,1,3,4,4,2,0.45095030357550836,0.1408532995108126
1026,1,1,3,2,5,1,2,2,0.6088718520739705,0.6149171772352771
1027,1,1,2,2,1,2,2,5,0.9309675859799067,0.5633072934200198
1028,1,1,4,3,1,2,4,2,0.3917270697036144,0.3286708543648007
1029,1,1,2,4,3,2,2,5,0.32474531996479183,0.922426112510027
1030,1,1,3,4,1,3,2,2,0.3432910420392665,0.7065290019685261
1031,1,0,2,5,5,1,2,4,0.9731531539743599,0.7846846815175188
1032,1,0,4,4,1,3,4,5,0.9317948094569926,0.027356281969302287
1033,0,1,4,2,1,2,4,5,0.7243887986787343,0.11947484548088816
1034,0,0,4,4,1,1,4,3,0.2956018772482676,0.9528291843704422
1035,1,1,2,4,1,1,2,2,0.46240435275904634,0.04702114267808588
1036,1,0,4,1,1,3,3,5,0.14635559543677534,0.03245801734780396
1037,1,0,2,4,1,3,2,3,0.9249416878739194,0.4266649387938152
1038,1,1,2,4,1,2,2,3,0.6055275824907361,0.093886329693732
1039,0,1,4,4,1,2,4,1,0.4924850302335314,0.4685846922969704
1040,1,0,3,5,5,4,2,1,0.2672577346583168,0.8366497574302638
1041,1,0,2,4,1,3,2,4,0.8602473623957304,0.06719363779280696
1042,1,0,4,4,1,2,4,2,0.753293002188178,0.10797635703735908
1043,1,0,4,5,3,1,4,1,0.9138012721268925,0.29018129670656023
1044,1,0,2,1,5,4,2,2,0.708928903982921,0.07626049532768853
1045,1,0,2,2,1,3,1,2,0.8615589159139977,0.4068172862249858
1046,1,1,2,4,1,2,2,2,0.7593413125218935,0.7166119144021665
1047,0,1,3,5,5,3,2,1,0.24051205381351515,0.11796259498259276
1048,1,1,5,5,5,1,5,5,0.2957650054004246,0.9336514382277866
1049,0,1,4,4,1,2,4,2,0.5068595665770805,0.4434372623783681
1050,1,0,3,4,1,3,2,5,0.7441431597822873,0.4508313439039301
1051,1,0,5,2,5,4,4,4,0.6620246180947318,0.2772798618186464
1052,0,1,4,4,1,3,4,4,0.17856779861495842,0.6492805579392881
1053,1,0,2,5,5,4,2,1,0.026426655422221557,0.261085834173035
1054,1,0,4,3,2,2,3,4,0.6787639435164998,0.9108059948858946
1055,1,0,2,1,4,2,2,1,0.13510338497883523,0.8646578114421555
1056,1,1,2,5,3,2,2,5,0.5252542660337692,0.7133030361948838
1057,1,0,2,2,5,2,2,5,0.28631529696619573,0.045368430038813856
1058,1,0,2,3,1,2,2,5,0.9380578271958061,0.526005162760897
1059,1,0,4,1,3,1,3,1,0.06332225822812365,0.5451277369910449
1060,1,1,2,5,3,1,2,3,0.8831389684436057,0.9996385606061688
1061,1,0,4,5,2,3,3,4,0.09776854152556413,0.33063911955612413
1062,0,0,4,3,1,1,3,5,0.8469989150275815,0.49256057383540275
1063,1,0,3,4,1,3,2,1,0.673893311148512,0.7716416010311444
1064,1,1,2,3,3,2,2,3,0.8119503818392415,0.5464068220657884
1065,0,0,3,4,3,1,2,5,0.2947470618603315,0.27648003776112084
1066,1,1,2,5,5,4,2,2,0.6095073151545589,0.1741921152952738
1067,0,1,3,2,4,1,2,2,0.691453966188029,0.41367252687967515
1068,0,0,2,2,3,4,2,4,0.07829046462938005,0.39089242906340294
1069,1,0,3,1,3,4,2,3,0.4870348541054742,0.23209248593054688
1070,1,1,2,3,5,1,2,4,0.6974321396831745,0.565424650586383
1071,1,0,4,2,2,1,4,2,0.5559392987343835,0.01071470394661056
1072,1,0,2,4,1,3,2,1,0.1400062714497653,0.8452605068115032
1073,1,1,5,1,4,1,4,2,0.0733877837674749,0.5816557613774352
1074,1,0,2,4,3,1,2,4,0.31491922696004393,0.29018946387320055
1075,1,1,4,5,5,3,3,5,0.9481684723934128,0.3207485121680561
1076,1,1,4,3,4,4,3,3,0.8181873137856619,0.3457009182794655
1077,1,0,2,5,4,1,2,3,0.937346673480982,0.6839625796131786
1078,1,1,2,4,1,2,2,1,0.17004742073224854,0.8567305841203877
1079,1,1,2,2,3,4,2,3,0.3490527919615001,0.9347984696127799
1080,1,1,2,4,2,3,2,2,0.7275816815149297,0.969562176943221
1081,1,1,2,1,1,4,1,3,0.3133663558562182,0.9788186569604278
1082,1,1,3,5,3,1,3,5,0.2351416813236732,0.841122344751047
1083,0,1,5,5,2,2,4,5,0.14181512990136225,0.6054568756008336
1084,0,0,5,3,1,2,4,3,0.8510620456322807,0.4787913765369084
1085,1,0,3,5,1,2,3,3,0.12895645737299377,0.3383661883896836
1086,0,1,2,5,4,1,2,2,0.17412662527833245,0.31477022489293205
1087,1,0,5,2,5,1,4,4,0.24984020504684046,0.43109119571859167
1088,1,0,2,2,2,2,2,1,0.4150126993489587,0.2960484567806063
1089,1,0,5,2,4,2,4,3,0.29098414246690874,0.13487189949046974
1090,1,1,3,4,1,1,2,4,0.7867456850671377,0.2405117191707784
1091,1,1,4,2,3,3,4,3,0.4170751906283464,0.9349369585583541
1092,1,1,5,5,2,2,4,4,0.021071647167163587,0.7626379912956494
1093,1,1,2,3,3,2,2,1,0.03787525004737402,0.9201448494579937
1094,1,1,3,4,4,1,3,5,0.8449481846061282,0.6494557008736339
1095,0,0,5,3,4,1,4,5,0.28984736714678494,0.2983127500028355
1096,1,1,4,5,2,2,3,4,0.5881542067820253,0.8212530877975639
1097,1,1,3,4,3,2,2,2,0.3453675868531939,0.6410196647527691
1098,0,1,5,5,2,1,4,4,0.7365598020191554,0.5643776474239
1099,0,1,3,4,2,4,2,2,0.6272237162056801,0.9986801021768029
1100,0,0,4,5,3,1,3,2,0.8452552079603112,0.083134773413587
1101,1,1,4,4,1,1,4,1,0.14139330946145767,0.13369859712834997
1102,1,1,3,4,1,4,2,2,0.44566360686794915,0.013397290230941605
1103,1,1,2,4,1,2,2,5,0.35244501322314525,0.6744837440675364
1104,1,0,3,5,4,2,3,5,0.11811531925749819,0.3937586471936023
1105,1,1,3,5,4,2,3,3,0.0949683053784357,0.8747535126629721
1106,1,0,5,2,4,3,4,1,0.9919508531074973,0.46914638095624694
1107,1,1,2,1,2,4,2,1,0.5296746411075128,0.9804605211964358
1108,0,1,5,2,2,1,4,4,0.5537993742521643,0.35701348082382356
1109,1,0,3,4,5,1,2,1,0.4644137921600269,0.4057922087697452
1110,0,1,4,3,4,2,4,5,0.5000771346832154,0.15344663544940873
1111,0,0,4,3,4,3,4,5,0.8709502111062289,0.0029667871014404934
1112,1,1,5,2,5,3,4,2,0.7841153316051241,0.911903418452089
1113,1,1,4,3,4,1,4,1,0.6003579286682574,0.29408504514031575
1114,1,0,4,3,4,3,4,1,0.04814983745490986,0.6334214550618305
1115,1,1,3,1,1,1,3,2,0.43124088501210556,0.5992959872543181
1116,1,1,3,1,1,1,3,5,0.9557227844908445,0.6558389564405576
1117,1,0,4,3,4,2,4,4,0.5560014199829417,0.07810647243383917
1118,1,1,2,3,2,3,2,3,0.026951584630215852,0.269493689289657
1119,1,1,3,1,1,2,3,4,0.3768205464798833,0.14341093242810177
1120,1,0,4,4,1,3,4,1,0.10110313499439716,0.09971825783706623
1121,1,1,3,5,5,2,2,5,0.16224272166550913,0.6137816155779326
1122,1,0,2,1,1,4,2,3,0.43297413526391426,0.18007102100914574
1123,1,0,3,5,5,3,2,2,0.005533524219132668,0.9610849542212998
1124,0,0,4,2,3,4,4,4,0.5019913633240862,0.7247991805129512
1125,1,0,3,3,4,1,2,5,0.26193866199423677,0.4573527191103661
1126,1,0,3,3,4,1,2,5,0.5057967733162623,0.1372316333264577
1127,1,0,4,4,1,1,4,4,0.5473893364298933,0.6239892714490626
1128,1,1,2,4,2,2,2,1,0.03855057554328889,0.9979541516018572
1129,1,1,4,4,1,2,4,1,0.8146877141964697,0.6692338959501115
1130,1,0,2,5,5,4,2,2,0.45418575307439923,0.4187678395933093
1131,1,1,4,4,1,3,4,3,0.6605539883455293,0.22607518013889383
1132,1,1,2,5,5,3,2,5,0.90863836811587,0.5324391779901657
1133,1,0,4,4,1,3,4,2,0.5649550632911041,0.9439519006842545
1134,1,1,4,3,1,3,3,5,0.6478892430032431,0.03179780130609444
1135,1,0,2,5,5,3,2,1,0.8386963348669239,0.4103512507349889
1136,1,1,4,4,1,4,4,2,0.8594683278471915,0.3572950960179757
1137,1,0,4,3,1,2,3,5,0.39830597306010374,0.009816235583055333
1138,1,0,4,3,1,1,3,4,0.14491243157444011,0.8051765471656247
1139,1,0,5,3,4,2,5,2,0.6965956959198384,0.01960324445027506
1140,0,0,4,5,4,2,4,3,0.5357366490294188,0.8176292890031762
1141,1,0,3,3,4,2,2,1,0.8647988356098613,0.5677997326589783
1142,1,1,5,3,4,1,5,4,0.2796615483092165,0.45579865925055585
1143,0,1,4,5,3,3,4,1,0.6193232037533151,0.8302184144230446
1144,1,1,3,3,4,4,2,4,0.27216472923224855,0.7138053305475035
1145,1,0,2,1,1,3,2,4,0.6221247572277676,0.598954217740099
1146,1,0,2,1,1,1,2,5,0.5472054475299496,0.2891480054554978
1147,1,0,2,5,5,4,2,1,0.12452824843429033,0.5925700241104247
